ACE2004	EL-0	Gaza	20001115_AFP_ARB.0030.eng:2-5	http://en.wikipedia.org/wiki/Gaza	PER	NAM	1.0
ACE2004	EL-1	AFP	20001115_AFP_ARB.0030.eng:14-16	http://en.wikipedia.org/wiki/Agence_France-Presse	PER	NAM	1.0
ACE2004	EL-2	Egypt	20001115_AFP_ARB.0030.eng:490-494	http://en.wikipedia.org/wiki/Egypt	PER	NAM	1.0
ACE2004	EL-3	Nitsarim	20001115_AFP_ARB.0030.eng:1026-1033	http://en.wikipedia.org/wiki/Netzarim_(settlement)	PER	NAM	1.0
ACE2004	EL-4	WASHINGTON	NYT20001109.1946.0315:88-97	http://en.wikipedia.org/wiki/Washington,_D.C."	PER	NAM	1.0
ACE2004	EL-5	Ralph Nader	NYT20001109.1946.0315:101-111	http://en.wikipedia.org/wiki/Ralph_Nader	PER	NAM	1.0
ACE2004	EL-6	America	NYT20001109.1946.0315:469-475	http://en.wikipedia.org/wiki/United_States	PER	NAM	1.0
ACE2004	EL-7	Noni	NYT20001109.1946.0315:815-818	NIL	PER	NAM	1.0
ACE2004	EL-8	White House	NYT20001109.1946.0315:1081-1091	http://en.wikipedia.org/wiki/White_House	PER	NAM	1.0
ACE2004	EL-9	Florida	NYT20001109.1946.0315:1390-1396	http://en.wikipedia.org/wiki/Florida	PER	NAM	1.0
ACE2004	EL-10	John Ruth	NYT20001109.1946.0315:1636-1644	NIL	PER	NAM	1.0
ACE2004	EL-11	Oregon	NYT20001109.1946.0315:2068-2073	http://en.wikipedia.org/wiki/Oregon	PER	NAM	1.0
ACE2004	EL-12	Julie Quastler	NYT20001109.1946.0315:2243-2256	NIL	PER	NAM	1.0
ACE2004	EL-13	Portland	NYT20001109.1946.0315:2286-2293	http://en.wikipedia.org/wiki/Portland	PER	NAM	1.0
ACE2004	EL-14	Dorothy Byrne	NYT20001109.1946.0315:3463-3475	NIL	PER	NAM	1.0
ACE2004	EL-15	Green Party	NYT20001109.1946.0315:3514-3524	http://en.wikipedia.org/wiki/Green_Party_of_Florida	PER	NAM	1.0
ACE2004	EL-16	Barbara Lange	NYT20001109.1946.0315:3931-3943	NIL	PER	NAM	1.0
ACE2004	EL-17	Sierra Club	NYT20001109.1946.0315:4003-4013	http://en.wikipedia.org/wiki/Sierra_Club	PER	NAM	1.0
ACE2004	EL-18	Patricia Newell	NYT20001109.1946.0315:4242-4256	NIL	PER	NAM	1.0
ACE2004	EL-19	University of Florida	NYT20001109.1946.0315:4289-4309	http://en.wikipedia.org/wiki/University_of_Florida	PER	NAM	1.0
ACE2004	EL-20	Gainesville	NYT20001109.1946.0315:4314-4324	http://en.wikipedia.org/wiki/Gainesville,_Florida"	PER	NAM	1.0
ACE2004	EL-21	Washington	VOA20001129.2000.0364:59-68	http://en.wikipedia.org/wiki/Washington,_D.C."	PER	NAM	1.0
ACE2004	EL-22	Supreme Court	VOA20001129.2000.0364:171-183	http://en.wikipedia.org/wiki/Supreme_Court_of_the_United_States	PER	NAM	1.0
ACE2004	EL-23	Joe O'Grossman	VOA20001129.2000.0364:345-358	http://en.wikipedia.org/wiki/Joel_Grossman	PER	NAM	1.0
ACE2004	EL-24	Baltimore	VOA20001129.2000.0364:400-408	http://en.wikipedia.org/wiki/Baltimore	PER	NAM	1.0
ACE2004	EL-25	Johns Hopkins University	VOA20001129.2000.0364:412-435	http://en.wikipedia.org/wiki/Johns_Hopkins_University	PER	NAM	1.0
ACE2004	EL-26	Lawrence Tribe	VOA20001129.2000.0364:770-783	http://en.wikipedia.org/wiki/Laurence_Tribe	PER	NAM	1.0
ACE2004	EL-27	Gore	VOA20001129.2000.0364:838-841	http://en.wikipedia.org/wiki/Al_Gore	PER	NAM	1.0
ACE2004	EL-28	legislature	VOA20001129.2000.0364:2981-2991	http://en.wikipedia.org/wiki/Florida_Legislature	PER	NAM	1.0
ACE2004	EL-29	Congress	VOA20001129.2000.0364:3237-3244	http://en.wikipedia.org/wiki/United_States_Congress	PER	NAM	1.0
ACE2004	EL-30	Bandar Seri Begawan	20001115_AFP_ARB.0060.eng:2-20	http://en.wikipedia.org/wiki/Bandar_Seri_Begawan	PER	NAM	1.0
ACE2004	EL-31	AFP	20001115_AFP_ARB.0060.eng:29-31	http://en.wikipedia.org/wiki/Agence_France-Presse	PER	NAM	1.0
ACE2004	EL-32	Sultanate of Brunei	20001115_AFP_ARB.0060.eng:751-769	http://en.wikipedia.org/wiki/Brunei	PER	NAM	1.0
ACE2004	EL-33	Iran	20001115_AFP_ARB.0060.eng:2438-2441	http://en.wikipedia.org/wiki/Iran	PER	NAM	1.0
ACE2004	EL-34	London	20001015_AFP_ARB.0229.eng:2-7	http://en.wikipedia.org/wiki/London	PER	NAM	1.0
ACE2004	EL-35	AFP	20001015_AFP_ARB.0229.eng:16-18	http://en.wikipedia.org/wiki/Agence_France-Presse	PER	NAM	1.0
ACE2004	EL-36	Baghdad	20001015_AFP_ARB.0229.eng:123-129	http://en.wikipedia.org/wiki/Baghdad	PER	NAM	1.0
ACE2004	EL-37	Riyadh	20001015_AFP_ARB.0229.eng:164-169	http://en.wikipedia.org/wiki/Riyadh	PER	NAM	1.0
ACE2004	EL-38	Riyadh International Airport	20001015_AFP_ARB.0229.eng:370-397	http://en.wikipedia.org/wiki/King_Khalid_International_Airport	PER	NAM	1.0
ACE2004	EL-39	Jerusalem	20000715_AFP_ARB.0072.eng:2-10	http://en.wikipedia.org/wiki/Jerusalem	PER	NAM	1.0
ACE2004	EL-40	AFP	20000715_AFP_ARB.0072.eng:18-20	http://en.wikipedia.org/wiki/Agence_France-Presse	PER	NAM	1.0
ACE2004	EL-41	Iran	20000715_AFP_ARB.0072.eng:106-109	http://en.wikipedia.org/wiki/Iran	PER	NAM	1.0
ACE2004	EL-42	Moscow	20000715_AFP_ARB.0072.eng:877-882	http://en.wikipedia.org/wiki/Moscow	PER	NAM	1.0
ACE2004	EL-43	Ministry of Defense	20000715_AFP_ARB.0072.eng:2212-2230	http://en.wikipedia.org/wiki/Ministry_of_Defense_and_Armed_Forces_Logistics_(Iran)	PER	NAM	1.0
ACE2004	EL-44	Tehran Radio	20000715_AFP_ARB.0072.eng:2237-2248	NIL	PER	NAM	1.0
ACE2004	EL-45	Baghdad	20001115_AFP_ARB.0072.eng:2-8	http://en.wikipedia.org/wiki/Baghdad	PER	NAM	1.0
ACE2004	EL-46	AFP	20001115_AFP_ARB.0072.eng:17-19	http://en.wikipedia.org/wiki/Agence_France-Presse	PER	NAM	1.0
ACE2004	EL-47	Iraq	20001115_AFP_ARB.0072.eng:128-131	http://en.wikipedia.org/wiki/Iraq	PER	NAM	1.0
ACE2004	EL-48	Stewart Talbot	20001115_AFP_ARB.0212.eng:28-41	NIL	PER	NAM	1.0
ACE2004	EL-49	America	20001115_AFP_ARB.0212.eng:44-50	http://en.wikipedia.org/wiki/United_States	PER	NAM	1.0
ACE2004	EL-50	State	20001115_AFP_ARB.0212.eng:77-81	NIL	PER	NAM	1.0
ACE2004	EL-51	Madeleine Albright	20001115_AFP_ARB.0212.eng:136-153	http://en.wikipedia.org/wiki/Madeleine_Albright	PER	NAM	1.0
ACE2004	EL-52	Yale University	20001115_AFP_ARB.0212.eng:236-250	http://en.wikipedia.org/wiki/Yale_University	PER	NAM	1.0
ACE2004	EL-53	northeast	20001115_AFP_ARB.0212.eng:281-289	NIL	PER	NAM	1.0
ACE2004	EL-54	Richard Levin	20001115_AFP_ARB.0212.eng:295-307	http://en.wikipedia.org/wiki/Rick_Levin	PER	NAM	1.0
ACE2004	EL-55	Globalization Studies Center	20001115_AFP_ARB.0212.eng:384-411	http://en.wikipedia.org/wiki/Yale_Center_for_the_Study_of_Globalization	PER	NAM	1.0
ACE2004	EL-56	Middle East	20001115_AFP_ARB.0212.eng:670-680	http://en.wikipedia.org/wiki/Middle_East	PER	NAM	1.0
ACE2004	EL-57	Time magazine	20001115_AFP_ARB.0212.eng:902-914	http://en.wikipedia.org/wiki/Time_(magazine)	PER	NAM	1.0
ACE2004	EL-58	Beirut	20000815_AFP_ARB.0071.eng:2-7	http://en.wikipedia.org/wiki/Beirut	PER	NAM	1.0
ACE2004	EL-59	AFP	20000815_AFP_ARB.0071.eng:15-17	http://en.wikipedia.org/wiki/Agence_France-Presse	PER	NAM	1.0
ACE2004	EL-60	Lebanon	20000815_AFP_ARB.0071.eng:23-29	http://en.wikipedia.org/wiki/Lebanon	PER	NAM	1.0
ACE2004	EL-61	Israel	20000815_AFP_ARB.0071.eng:140-145	http://en.wikipedia.org/wiki/Israel	PER	NAM	1.0
ACE2004	EL-62	Abbad sector	20000815_AFP_ARB.0071.eng:719-730	NIL	PER	NAM	1.0
ACE2004	EL-63	Wadi Marjayoun	20000815_AFP_ARB.0071.eng:1501-1514	NIL	PER	NAM	1.0
ACE2004	EL-64	Gaza	20001115_AFP_ARB.0061.eng:2-5	http://en.wikipedia.org/wiki/Gaza	PER	NAM	1.0
ACE2004	EL-65	AFP	20001115_AFP_ARB.0061.eng:14-16	http://en.wikipedia.org/wiki/Agence_France-Presse	PER	NAM	1.0
ACE2004	EL-66	Palestinian Superior Security Council	20001115_AFP_ARB.0061.eng:84-120	NIL	PER	NAM	1.0
ACE2004	EL-67	area "A"	20001115_AFP_ARB.0061.eng:191-198	NIL	PER	NAM	1.0
ACE2004	EL-68	navy	VOA20001020.2100.1853:8-11	http://en.wikipedia.org/wiki/United_States_Navy	PER	NAM	1.0
ACE2004	EL-69	USS Cole	VOA20001020.2100.1853:26-33	http://en.wikipedia.org/wiki/USS_COLE_(DDG-67)	PER	NAM	1.0
ACE2004	EL-70	Yemen	VOA20001020.2100.1853:93-97	http://en.wikipedia.org/wiki/Yemen	PER	NAM	1.0
ACE2004	EL-71	HONG KONG	NYT20001124.2050.0257:112-120	http://en.wikipedia.org/wiki/Hong_Kong	PER	NAM	1.0
ACE2004	EL-72	Asia	NYT20001124.2050.0257:147-150	http://en.wikipedia.org/wiki/Asia	PER	NAM	1.0
ACE2004	EL-73	International Monetary Fund	NYT20001124.2050.0257:552-578	http://en.wikipedia.org/wiki/International_Monetary_Fund	PER	NAM	1.0
ACE2004	EL-74	David Robinson	NYT20001124.2050.0257:883-896	NIL	PER	NAM	1.0
ACE2004	EL-75	Philippines	NYT20001124.2050.0257:1076-1086	http://en.wikipedia.org/wiki/Philippines	PER	NAM	1.0
ACE2004	EL-76	Taiwan	NYT20001124.2050.0257:1089-1094	http://en.wikipedia.org/wiki/Taiwan	PER	NAM	1.0
ACE2004	EL-77	Indonesia	NYT20001124.2050.0257:1101-1109	http://en.wikipedia.org/wiki/Indonesia	PER	NAM	1.0
ACE2004	EL-78	Chen Shui-bian	NYT20001124.2050.0257:1242-1255	http://en.wikipedia.org/wiki/Chen_Shui-bian	PER	NAM	1.0
ACE2004	EL-79	Malaysia	NYT20001124.2050.0257:1358-1365	http://en.wikipedia.org/wiki/Malaysia	PER	NAM	1.0
ACE2004	EL-80	South Korea	NYT20001124.2050.0257:1371-1381	http://en.wikipedia.org/wiki/South_Korea	PER	NAM	1.0
ACE2004	EL-81	Singapore	NYT20001124.2050.0257:1969-1977	http://en.wikipedia.org/wiki/Singapore	PER	NAM	1.0
ACE2004	EL-82	Bloomberg News	NYT20001124.2050.0257:2128-2141	http://en.wikipedia.org/wiki/Bloomberg_Television	PER	NAM	1.0
ACE2004	EL-83	United States	NYT20001124.2050.0257:2264-2276	http://en.wikipedia.org/wiki/United_States	PER	NAM	1.0
ACE2004	EL-84	China	NYT20001124.2050.0257:2428-2432	http://en.wikipedia.org/wiki/People's_Republic_of_China	PER	NAM	1.0
ACE2004	EL-85	Ian Perkin	NYT20001124.2050.0257:2638-2647	NIL	PER	NAM	1.0
ACE2004	EL-86	Hong Kong General Chamber of Commerce	NYT20001124.2050.0257:2673-2709	http://en.wikipedia.org/wiki/Hong_Kong_General_Chamber_of_Commerce	PER	NAM	1.0
ACE2004	EL-87	Xinhua News Agency	chtb_267.eng:2-19	http://en.wikipedia.org/wiki/Xinhua_News_Agency	PER	NAM	1.0
ACE2004	EL-88	Beijing	chtb_267.eng:22-28	http://en.wikipedia.org/wiki/Beijing	PER	NAM	1.0
ACE2004	EL-89	Weir Group	chtb_267.eng:74-83	http://en.wikipedia.org/wiki/Weir_Group	PER	NAM	1.0
ACE2004	EL-90	US	chtb_267.eng:92-93	http://en.wikipedia.org/wiki/United_States	PER	NAM	1.0
ACE2004	EL-91	Jiangsu Province	chtb_267.eng:155-170	http://en.wikipedia.org/wiki/Jiangsu	PER	NAM	1.0
ACE2004	EL-92	Electric Power Department	chtb_267.eng:174-198	NIL	PER	NAM	1.0
ACE2004	EL-93	China	chtb_267.eng:209-213	http://en.wikipedia.org/wiki/China	PER	NAM	1.0
ACE2004	EL-94	Aixing Dan	chtb_267.eng:288-297	NIL	PER	NAM	1.0
ACE2004	EL-95	International Co-operation Department	chtb_267.eng:316-352	NIL	PER	NAM	1.0
ACE2004	EL-96	Electric Power Industry Ministry	chtb_267.eng:361-392	NIL	PER	NAM	1.0
ACE2004	EL-97	Yizhong Company	chtb_267.eng:1700-1714	NIL	PER	NAM	1.0
ACE2004	EL-98	Rudong	chtb_267.eng:1927-1932	http://en.wikipedia.org/wiki/Rudong_County	PER	NAM	1.0
ACE2004	EL-99	Renzu Luo	chtb_267.eng:2280-2288	NIL	PER	NAM	1.0
ACE2004	EL-100	Japan	chtb_267.eng:2704-2708	http://en.wikipedia.org/wiki/Japan	PER	NAM	1.0
ACE2004	EL-101	South Korea	chtb_267.eng:2711-2721	http://en.wikipedia.org/wiki/South_Korea	PER	NAM	1.0
ACE2004	EL-102	Taiwan	chtb_267.eng:2727-2732	http://en.wikipedia.org/wiki/Taiwan	PER	NAM	1.0
ACE2004	EL-103	John Weir	chtb_267.eng:3100-3108	NIL	PER	NAM	1.0
ACE2004	EL-104	Brown	chtb_267.eng:3174-3178	NIL	PER	NAM	1.0
ACE2004	EL-105	Tallahassee	20001115_AFP_ARB.0210.eng:2-12	http://en.wikipedia.org/wiki/Tallahassee,_Florida"	PER	NAM	1.0
ACE2004	EL-106	United States	20001115_AFP_ARB.0210.eng:15-27	http://en.wikipedia.org/wiki/United_States	PER	NAM	1.0
ACE2004	EL-107	AFP	20001115_AFP_ARB.0210.eng:37-39	http://en.wikipedia.org/wiki/Agence_France-Presse	PER	NAM	1.0
ACE2004	EL-108	Supreme Court	20001115_AFP_ARB.0210.eng:49-61	http://en.wikipedia.org/wiki/Supreme_Court_of_Florida	PER	NAM	1.0
ACE2004	EL-109	Florida	20001115_AFP_ARB.0210.eng:66-72	http://en.wikipedia.org/wiki/Florida	PER	NAM	1.0
ACE2004	EL-110	BBC News	PRI20001201.2000.1828:6-13	http://en.wikipedia.org/wiki/BBC_News	PER	NAM	1.0
ACE2004	EL-111	London	PRI20001201.2000.1828:18-23	http://en.wikipedia.org/wiki/London	PER	NAM	1.0
ACE2004	EL-112	US Supreme Court	PRI20001201.2000.1828:63-78	http://en.wikipedia.org/wiki/Supreme_Court_of_the_United_States	PER	NAM	1.0
ACE2004	EL-113	Judith Spencer	PRI20001201.2000.1828:185-198	NIL	PER	NAM	1.0
ACE2004	EL-114	Ruth Bater Ginsburg	PRI20001201.2000.1828:437-455	http://en.wikipedia.org/wiki/Ruth_Bader_Ginsburg	PER	NAM	1.0
ACE2004	EL-115	Florida Supreme Court	PRI20001201.2000.1828:541-561	http://en.wikipedia.org/wiki/Supreme_Court_of_Florida	PER	NAM	1.0
ACE2004	EL-116	Sandra Day O'Connor	PRI20001201.2000.1828:776-794	http://en.wikipedia.org/wiki/Sandra_Day_O'Connor	PER	NAM	1.0
ACE2004	EL-117	Washington	PRI20001201.2000.1828:1115-1124	http://en.wikipedia.org/wiki/Washington,_D.C."	PER	NAM	1.0
ACE2004	EL-118	Bandar Seri Begawan	20001115_AFP_ARB.0217.eng:2-20	http://en.wikipedia.org/wiki/Bandar_Seri_Begawan	PER	NAM	1.0
ACE2004	EL-119	AFP	20001115_AFP_ARB.0217.eng:29-31	http://en.wikipedia.org/wiki/Agence_France-Presse	PER	NAM	1.0
ACE2004	EL-120	Russia	20001115_AFP_ARB.0217.eng:98-103	http://en.wikipedia.org/wiki/Russia	PER	NAM	1.0
ACE2004	EL-121	Coral Islands	20001115_AFP_ARB.0217.eng:221-233	NIL	PER	NAM	1.0
ACE2004	EL-122	Brunei	20001115_AFP_ARB.0217.eng:553-558	http://en.wikipedia.org/wiki/Brunei	PER	NAM	1.0
ACE2004	EL-123	Irkotsik	20001115_AFP_ARB.0217.eng:636-643	http://en.wikipedia.org/wiki/Irkutsk	PER	NAM	1.0
ACE2004	EL-124	VOA News	VOA20001220.2000.0060:19-26	http://en.wikipedia.org/wiki/Voice_of_America	PER	NAM	1.0
ACE2004	EL-125	America	VOA20001220.2000.0060:394-400	http://en.wikipedia.org/wiki/United_States	PER	NAM	1.0
ACE2004	EL-126	Texas	VOA20001220.2000.0060:888-892	http://en.wikipedia.org/wiki/Texas	PER	NAM	1.0
ACE2004	EL-127	Chicago O'Hare	NYT20001217.2241.0165:539-552	http://en.wikipedia.org/wiki/O'Hare_International_Airport	PER	NAM	1.0
ACE2004	EL-128	La Guardia	NYT20001217.2241.0165:558-567	http://en.wikipedia.org/wiki/LaGuardia_Airport	PER	NAM	1.0
ACE2004	EL-129	New York	NYT20001217.2241.0165:572-579	http://en.wikipedia.org/wiki/New_York_City	PER	NAM	1.0
ACE2004	EL-130	South	NYT20001217.2241.0165:679-683	http://en.wikipedia.org/wiki/Southern_United_States	PER	NAM	1.0
ACE2004	EL-131	Transportation Department	NYT20001217.2241.0165:1018-1042	http://en.wikipedia.org/wiki/United_States_Department_of_Transportation	PER	NAM	1.0
ACE2004	EL-132	Los Angeles International	NYT20001217.2241.0165:1664-1688	http://en.wikipedia.org/wiki/Los_Angeles_International_Airport	PER	NAM	1.0
ACE2004	EL-133	Burbank	NYT20001217.2241.0165:1725-1731	http://en.wikipedia.org/wiki/Bob_Hope_Airport	PER	NAM	1.0
ACE2004	EL-134	John Wayne Airport	NYT20001217.2241.0165:1736-1753	http://en.wikipedia.org/wiki/John_Wayne_Airport	PER	NAM	1.0
ACE2004	EL-135	Orange County	NYT20001217.2241.0165:1758-1770	http://en.wikipedia.org/wiki/Orange_County,_California"	PER	NAM	1.0
ACE2004	EL-136	Calif	NYT20001217.2241.0165:1773-1777	http://en.wikipedia.org/wiki/California	PER	NAM	1.0
ACE2004	EL-137	Westchester County Airport	NYT20001217.2241.0165:1788-1813	http://en.wikipedia.org/wiki/Westchester_County_Airport	PER	NAM	1.0
ACE2004	EL-138	JFK	NYT20001217.2241.0165:1826-1828	http://en.wikipedia.org/wiki/John_F._Kennedy_International_Airport	PER	NAM	1.0
ACE2004	EL-139	Federal Aviation Administration	NYT20001217.2241.0165:2704-2734	http://en.wikipedia.org/wiki/Federal_Aviation_Administration	PER	NAM	1.0
ACE2004	EL-140	Washington	NYT20001217.2241.0165:4586-4595	http://en.wikipedia.org/wiki/Washington,_D.C."	PER	NAM	1.0
ACE2004	EL-141	Aviation Consumer Protection Div	NYT20001217.2241.0165:4785-4816	http://en.wikipedia.org/wiki/Airline_complaints	PER	NAM	1.0
ACE2004	EL-142	400 Seventh St. S.W.	NYT20001217.2241.0165:4859-4878	NIL	PER	NAM	1.0
ACE2004	EL-143	ABC	NYT20001123.1511.0062:285-287	http://en.wikipedia.org/wiki/American_Broadcasting_Company	PER	NAM	1.0
ACE2004	EL-144	Fox Sports	NYT20001123.1511.0062:766-775	http://en.wikipedia.org/wiki/Fox_Sports_(USA)	PER	NAM	1.0
ACE2004	EL-145	Sun Microsystems	NYT20001123.1511.0062:790-805	http://en.wikipedia.org/wiki/Sun_Microsystems	PER	NAM	1.0
ACE2004	EL-146	Fidelity Investments	NYT20001123.1511.0062:932-951	http://en.wikipedia.org/wiki/Fidelity_Investments	PER	NAM	1.0
ACE2004	EL-147	Ocean Spray Cranberries	NYT20001123.1511.0062:1435-1457	http://en.wikipedia.org/wiki/Ocean_Spray_(cooperative)	PER	NAM	1.0
ACE2004	EL-148	In Style Entertaining 2000 magazine	NYT20001123.1511.0062:1729-1763	http://en.wikipedia.org/wiki/InStyle	PER	NAM	1.0
ACE2004	EL-149	PepsiCo	NYT20001123.1511.0062:1985-1991	http://en.wikipedia.org/wiki/Pepsico	PER	NAM	1.0
ACE2004	EL-150	Jack Nicholson	NYT20001123.1511.0062:2127-2140	http://en.wikipedia.org/wiki/Jack_Nicholson	PER	NAM	1.0
ACE2004	EL-151	Helen Hunt	NYT20001123.1511.0062:2143-2152	http://en.wikipedia.org/wiki/Helen_Hunt	PER	NAM	1.0
ACE2004	EL-152	Greg Kinnear	NYT20001123.1511.0062:2155-2166	http://en.wikipedia.org/wiki/Greg_Kinnear	PER	NAM	1.0
ACE2004	EL-153	James L. Brooks	NYT20001123.1511.0062:2172-2186	http://en.wikipedia.org/wiki/James_L._Brooks	PER	NAM	1.0
ACE2004	EL-154	Campbell Soup Co	NYT20001123.1511.0062:2214-2229	http://en.wikipedia.org/wiki/Campbell_Soup_Company	PER	NAM	1.0
ACE2004	EL-155	Roundabout Theater Company	NYT20001123.1511.0062:2346-2371	http://en.wikipedia.org/wiki/Roundabout_Theatre_Company	PER	NAM	1.0
ACE2004	EL-156	Times Square	NYT20001123.1511.0062:2404-2415	http://en.wikipedia.org/wiki/Times_Square	PER	NAM	1.0
ACE2004	EL-157	Reader's Digest Association	NYT20001123.1511.0062:2519-2545	http://en.wikipedia.org/wiki/Reader's_Digest_Association	PER	NAM	1.0
ACE2004	EL-158	Reader's Digest magazine	NYT20001123.1511.0062:2692-2715	http://en.wikipedia.org/wiki/Reader's_Digest	PER	NAM	1.0
ACE2004	EL-159	Levi	NYT20001123.1511.0062:2793-2796	https://en.wikipedia.org/wiki/Levi_Strauss_%26_Co.	PER	NAM	1.0
ACE2004	EL-160	Empire Blue Cross Blue Shield	NYT20001123.1511.0062:3075-3103	http://en.wikipedia.org/wiki/Blue_Cross_Blue_Shield_Association	PER	NAM	1.0
ACE2004	EL-161	MSN network	NYT20001123.1511.0062:3113-3123	http://en.wikipedia.org/wiki/MSN	PER	NAM	1.0
ACE2004	EL-162	Microsoft	NYT20001123.1511.0062:3128-3136	http://en.wikipedia.org/wiki/Microsoft	PER	NAM	1.0
ACE2004	EL-163	Land Rover	NYT20001123.1511.0062:3278-3287	http://en.wikipedia.org/wiki/Land_Rover	PER	NAM	1.0
ACE2004	EL-164	Volvo	NYT20001123.1511.0062:3293-3297	http://en.wikipedia.org/wiki/Volvo	PER	NAM	1.0
ACE2004	EL-165	Sprint Communications Co	NYT20001123.1511.0062:3698-3721	http://en.wikipedia.org/wiki/Sprint_Nextel	PER	NAM	1.0
ACE2004	EL-166	John Corbett	NYT20001123.1511.0062:3879-3890	http://en.wikipedia.org/wiki/John_Corbett_(actor)	PER	NAM	1.0
ACE2004	EL-167	Houston Grand Opera	NYT20001123.1511.0062:4040-4058	http://en.wikipedia.org/wiki/Houston_Grand_Opera	PER	NAM	1.0
ACE2004	EL-168	CBS	NYT20001123.1511.0062:4238-4240	http://en.wikipedia.org/wiki/CBS	PER	NAM	1.0
ACE2004	EL-169	Brooklyn	NYT20001123.1511.0062:4633-4640	http://en.wikipedia.org/wiki/Brooklyn	PER	NAM	1.0
ACE2004	EL-170	GROSSE POINTE PARK	NYT20001125.1558.0117:55-72	http://en.wikipedia.org/wiki/Grosse_Pointe_Park,_Michigan"	PER	NAM	1.0
ACE2004	EL-171	Mich.	NYT20001125.1558.0117:75-79	http://en.wikipedia.org/wiki/Michigan	PER	NAM	1.0
ACE2004	EL-172	New York	NYT20001125.1558.0117:640-647	http://en.wikipedia.org/wiki/New_York	PER	NAM	1.0
ACE2004	EL-173	Pennsylvania	NYT20001125.1558.0117:653-664	http://en.wikipedia.org/wiki/Pennsylvania	PER	NAM	1.0
ACE2004	EL-174	Department of Natural Resources	NYT20001125.1558.0117:904-934	http://en.wikipedia.org/wiki/Michigan_Department_of_Natural_Resources_and_Environment	PER	NAM	1.0
ACE2004	EL-175	Rob Williams	NYT20001125.1558.0117:2330-2341	NIL	PER	NAM	1.0
ACE2004	EL-176	Detroit	NYT20001125.1558.0117:2481-2487	http://en.wikipedia.org/wiki/Detroit	PER	NAM	1.0
ACE2004	EL-177	Peter Thompson	NYT20001125.1558.0117:3719-3732	NIL	PER	NAM	1.0
ACE2004	EL-178	Democratic opposition	VOA20001223.2000.0139:138-158	http://en.wikipedia.org/wiki/Democratic_Opposition_of_Serbia	PER	NAM	1.0
ACE2004	EL-179	Slobodan Milosevic	VOA20001223.2000.0139:325-342	https://en.wikipedia.org/wiki/Slobodan_Milo%C5%A1evi%C4%87	PER	NAM	1.0
ACE2004	EL-180	Socialist Party	VOA20001223.2000.0139:372-386	http://en.wikipedia.org/wiki/Socialist_Party_of_Serbia	PER	NAM	1.0
ACE2004	EL-181	Bandar Seri Begawan	20001115_AFP_ARB.0013.eng:2-20	http://en.wikipedia.org/wiki/Bandar_Seri_Begawan	PER	NAM	1.0
ACE2004	EL-182	AFP	20001115_AFP_ARB.0013.eng:29-31	http://en.wikipedia.org/wiki/Agence_France-Presse	PER	NAM	1.0
ACE2004	EL-183	State of Florida	20001115_AFP_ARB.0013.eng:333-348	http://en.wikipedia.org/wiki/Florida	PER	NAM	1.0
ACE2004	EL-184	Brunei	20001115_AFP_ARB.0013.eng:456-461	http://en.wikipedia.org/wiki/Brunei	PER	NAM	1.0
ACE2004	EL-185	Camp Zeist	20001115_AFP_ARB.0065.eng:2-11	http://en.wikipedia.org/wiki/Zeist	PER	NAM	1.0
ACE2004	EL-186	Holland	20001115_AFP_ARB.0065.eng:14-20	http://en.wikipedia.org/wiki/Holland	PER	NAM	1.0
ACE2004	EL-187	AFP	20001115_AFP_ARB.0065.eng:30-32	http://en.wikipedia.org/wiki/Agence_France-Presse	PER	NAM	1.0
ACE2004	EL-188	Soviet Union	20001115_AFP_ARB.0065.eng:574-585	http://en.wikipedia.org/wiki/Soviet_Union	PER	NAM	1.0
ACE2004	EL-189	Sweden	20001115_AFP_ARB.0065.eng:841-846	http://en.wikipedia.org/wiki/Sweden	PER	NAM	1.0
ACE2004	EL-190	Amsterdam	20001115_AFP_ARB.0065.eng:870-878	http://en.wikipedia.org/wiki/Amsterdam	PER	NAM	1.0
ACE2004	EL-191	Copenhagen	20001115_AFP_ARB.0065.eng:881-890	http://en.wikipedia.org/wiki/Copenhagen	PER	NAM	1.0
ACE2004	EL-192	Stockholm	20001115_AFP_ARB.0065.eng:896-904	http://en.wikipedia.org/wiki/Stockholm	PER	NAM	1.0
ACE2004	EL-193	Alameen Khalifa Fahima	20001115_AFP_ARB.0065.eng:1825-1846	http://en.wikipedia.org/wiki/Lamin_Khalifah_Fhimah	PER	NAM	1.0
ACE2004	EL-194	Abdulbasit al-Maqrahi	20001115_AFP_ARB.0065.eng:1852-1872	http://en.wikipedia.org/wiki/Abdelbaset_Ali_Mohmed_Al_Megrahi	PER	NAM	1.0
ACE2004	EL-195	Malta	20001115_AFP_ARB.0065.eng:1912-1916	http://en.wikipedia.org/wiki/Malta	PER	NAM	1.0
ACE2004	EL-196	Xinhua News Agency	chtb_165.eng:2-19	http://en.wikipedia.org/wiki/Xinhua_News_Agency	PER	NAM	1.0
ACE2004	EL-197	Shanghai	chtb_165.eng:22-29	http://en.wikipedia.org/wiki/Shanghai	PER	NAM	1.0
ACE2004	EL-198	HSBC	chtb_165.eng:79-82	http://en.wikipedia.org/wiki/HSBC	PER	NAM	1.0
ACE2004	EL-199	China Shipping Mansion	chtb_165.eng:121-142	http://en.wikipedia.org/wiki/International_Ocean_Shipping_Building	PER	NAM	1.0
ACE2004	EL-200	Pudong Lujiazui financial trading district	chtb_165.eng:151-192	http://en.wikipedia.org/wiki/Lujaizui	PER	NAM	1.0
ACE2004	EL-201	Pudong	chtb_165.eng:287-292	http://en.wikipedia.org/wiki/Pudong	PER	NAM	1.0
ACE2004	EL-202	US	chtb_165.eng:404-405	http://en.wikipedia.org/wiki/United_States	PER	NAM	1.0
ACE2004	EL-203	Citibank	chtb_165.eng:409-416	http://en.wikipedia.org/wiki/Citibank	PER	NAM	1.0
ACE2004	EL-204	Hong Kong	chtb_165.eng:419-427	http://en.wikipedia.org/wiki/Hong_Kong	PER	NAM	1.0
ACE2004	EL-205	Japan	chtb_165.eng:437-441	http://en.wikipedia.org/wiki/Japan	PER	NAM	1.0
ACE2004	EL-206	Tokyo Mitsubishi Bank	chtb_165.eng:445-465	http://en.wikipedia.org/wiki/The_Bank_of_Tokyo-Mitsubishi_UFJ	PER	NAM	1.0
ACE2004	EL-207	Yasser Arafat	PRI20001122.2000.0320:35-47	http://en.wikipedia.org/wiki/Yasser_Arafat	PER	NAM	1.0
ACE2004	EL-208	Corey Flintoff	PRI20001122.2000.0320:332-345	http://en.wikipedia.org/wiki/Corey_Flintoff	PER	NAM	1.0
ACE2004	EL-209	NPR news	PRI20001122.2000.0320:348-355	http://en.wikipedia.org/wiki/National_Public_Radio	PER	NAM	1.0
ACE2004	EL-210	Washington	PRI20001122.2000.0320:358-367	http://en.wikipedia.org/wiki/Washington,_D.C."	PER	NAM	1.0
ACE2004	EL-211	Jerusalem	20001115_AFP_ARB.0184.eng:2-10	http://en.wikipedia.org/wiki/Jerusalem	PER	NAM	1.0
ACE2004	EL-212	AFP	20001115_AFP_ARB.0184.eng:19-21	http://en.wikipedia.org/wiki/Agence_France-Presse	PER	NAM	1.0
ACE2004	EL-213	Hussein Abiyat	20001115_AFP_ARB.0184.eng:1408-1421	NIL	PER	NAM	1.0
ACE2004	EL-214	West Bank	20001115_AFP_ARB.0184.eng:1607-1615	http://en.wikipedia.org/wiki/West_Bank	PER	NAM	1.0
ACE2004	EL-215	CAIRO	APW20001001.2021.0521:2-6	http://en.wikipedia.org/wiki/Cairo	PER	NAM	1.0
ACE2004	EL-216	Egypt	APW20001001.2021.0521:9-13	http://en.wikipedia.org/wiki/Egypt	PER	NAM	1.0
ACE2004	EL-217	AP	APW20001001.2021.0521:16-17	http://en.wikipedia.org/wiki/Associated_Press	PER	NAM	1.0
ACE2004	EL-218	Syria	APW20001001.2021.0521:53-57	http://en.wikipedia.org/wiki/Syria	PER	NAM	1.0
ACE2004	EL-219	President	APW20001001.2021.0521:110-118	http://en.wikipedia.org/wiki/President_of_Egypt	PER	NAM	1.0
ACE2004	EL-220	Iraq	APW20001001.2021.0521:317-320	http://en.wikipedia.org/wiki/Iraq	PER	NAM	1.0
ACE2004	EL-221	West Bank	APW20001001.2021.0521:474-482	http://en.wikipedia.org/wiki/West_Bank	PER	NAM	1.0
ACE2004	EL-222	Gaza Strip	APW20001001.2021.0521:485-494	http://en.wikipedia.org/wiki/Gaza_Strip	PER	NAM	1.0
ACE2004	EL-223	Jerusalem	APW20001001.2021.0521:500-508	http://en.wikipedia.org/wiki/Jerusalem	PER	NAM	1.0
ACE2004	EL-224	NPR news	PRI20001128.2000.0055:18-25	http://en.wikipedia.org/wiki/National_Public_Radio	PER	NAM	1.0
ACE2004	EL-225	Washington	PRI20001128.2000.0055:30-39	http://en.wikipedia.org/wiki/Washington,_D.C."	PER	NAM	1.0
ACE2004	EL-226	Steve Inski	PRI20001128.2000.0055:288-298	NIL	PER	NAM	1.0
ACE2004	EL-227	Miami Dade County	PRI20001128.2000.0055:513-529	http://en.wikipedia.org/wiki/Miami_Dade_County,_Florida"	PER	NAM	1.0
ACE2004	EL-228	Democrats	PRI20001128.2000.0055:600-608	http://en.wikipedia.org/wiki/Democratic_Party_(United_States)	PER	NAM	1.0
ACE2004	EL-229	Palm Beach County	PRI20001128.2000.0055:667-683	http://en.wikipedia.org/wiki/Palm_Beach_County,_Florida"	PER	NAM	1.0
ACE2004	EL-230	Al Gore	PRI20001128.2000.0055:863-869	http://en.wikipedia.org/wiki/Al_Gore	PER	NAM	1.0
ACE2004	EL-231	Washington State	PRI20001128.2000.0055:1925-1940	http://en.wikipedia.org/wiki/Washington_(U.S._State)	PER	NAM	1.0
ACE2004	EL-232	Jennifer Nesan	PRI20001128.2000.0055:2022-2035	NIL	PER	NAM	1.0
ACE2004	EL-233	Seattle	PRI20001128.2000.0055:2073-2079	http://en.wikipedia.org/wiki/Seattke	PER	NAM	1.0
ACE2004	EL-234	TALLAHASSEE	NYT20001129.2040.0383:323-333	http://en.wikipedia.org/wiki/Tallahassee,_Florida"	PER	NAM	1.0
ACE2004	EL-235	Fla.	NYT20001129.2040.0383:336-339	http://en.wikipedia.org/wiki/Florida	PER	NAM	1.0
ACE2004	EL-236	Supreme Court	NYT20001129.2040.0383:593-605	http://en.wikipedia.org/wiki/Supreme_Court_of_Florida	PER	NAM	1.0
ACE2004	EL-237	District Court of Appeal	NYT20001129.2040.0383:679-702	http://en.wikipedia.org/wiki/Florida_District_Courts_of_Appeal	PER	NAM	1.0
ACE2004	EL-238	Barry Richard	NYT20001129.2040.0383:1591-1603	NIL	PER	NAM	1.0
ACE2004	EL-239	Electoral College	NYT20001129.2040.0383:2896-2912	http://en.wikipedia.org/wiki/Electoral_College_(United_States)	PER	NAM	1.0
ACE2004	EL-240	Kendall Coffey	NYT20001129.2040.0383:2978-2991	NIL	PER	NAM	1.0
ACE2004	EL-241	Beirut	20001015_AFP_ARB.0053.eng:2-7	http://en.wikipedia.org/wiki/Beirut	PER	NAM	1.0
ACE2004	EL-242	AFP	20001015_AFP_ARB.0053.eng:16-18	http://en.wikipedia.org/wiki/Agence_France-Presse	PER	NAM	1.0
ACE2004	EL-243	Saudi Soccer Federation	20001015_AFP_ARB.0053.eng:28-50	NIL	PER	NAM	1.0
ACE2004	EL-244	Youth and Sports Bureau	20001015_AFP_ARB.0053.eng:341-363	NIL	PER	NAM	1.0
ACE2004	EL-245	Lebanon	20001015_AFP_ARB.0053.eng:1089-1095	http://en.wikipedia.org/wiki/Lebanon	PER	NAM	1.0
ACE2004	EL-246	Emirates	20001015_AFP_ARB.0053.eng:1231-1238	http://en.wikipedia.org/wiki/United_Arab_Emirates	PER	NAM	1.0
ACE2004	EL-247	Mexico	20001015_AFP_ARB.0053.eng:1362-1367	http://en.wikipedia.org/wiki/Mexico	PER	NAM	1.0
ACE2004	EL-248	Bangkok	20001015_AFP_ARB.0053.eng:1700-1706	http://en.wikipedia.org/wiki/Bangkok	PER	NAM	1.0
ACE2004	EL-249	Bandar Seri Begawan	20001115_AFP_ARB.0093.eng:2-20	http://en.wikipedia.org/wiki/Bandar_Seri_Begawan	PER	NAM	1.0
ACE2004	EL-250	AFP	20001115_AFP_ARB.0093.eng:29-31	http://en.wikipedia.org/wiki/Agence_France-Presse	PER	NAM	1.0
ACE2004	EL-251	United States	20001115_AFP_ARB.0093.eng:41-53	http://en.wikipedia.org/wiki/United_States	PER	NAM	1.0
ACE2004	EL-252	James Stewart	20001115_AFP_ARB.0093.eng:335-347	NIL	PER	NAM	1.0
ACE2004	EL-253	White House	20001115_AFP_ARB.0093.eng:354-364	http://en.wikipedia.org/wiki/White_House	PER	NAM	1.0
ACE2004	EL-254	Palestinian Superior Security Council	20001115_AFP_ARB.0093.eng:1200-1236	http://en.wikipedia.org/wiki/Palestinian_National_Council	PER	NAM	1.0
ACE2004	EL-255	area "A	20001115_AFP_ARB.0093.eng:1307-1313	NIL	PER	NAM	1.0
ACE2004	EL-256	Time Warner	NYT20001101.2212.0429:508-518	http://en.wikipedia.org/wiki/Time_Warner	PER	NAM	1.0
ACE2004	EL-257	Larry Haverty	NYT20001101.2212.0429:820-832	NIL	PER	NAM	1.0
ACE2004	EL-258	State Street Research	NYT20001101.2212.0429:862-882	http://en.wikipedia.org/wiki/State_Street_Corporation	PER	NAM	1.0
ACE2004	EL-259	Boston	NYT20001101.2212.0429:887-892	http://en.wikipedia.org/wiki/Boston	PER	NAM	1.0
ACE2004	EL-260	Tom Wolzien	NYT20001101.2212.0429:1577-1587	NIL	PER	NAM	1.0
ACE2004	EL-261	Sanford C. Bernstein	NYT20001101.2212.0429:1592-1611	http://en.wikipedia.org/wiki/Sanford_Bernstein	PER	NAM	1.0
ACE2004	EL-262	Disney	NYT20001101.2212.0429:1883-1888	http://en.wikipedia.org/wiki/The_Walt_Disney_Company	PER	NAM	1.0
ACE2004	EL-263	Capital Cities/ABC	NYT20001101.2212.0429:1921-1938	http://en.wikipedia.org/wiki/Capital_Cities_Communications	PER	NAM	1.0
ACE2004	EL-264	Time	NYT20001101.2212.0429:2036-2039	http://en.wikipedia.org/wiki/Time_Inc.	PER	NAM	1.0
ACE2004	EL-265	Warner	NYT20001101.2212.0429:2045-2050	http://en.wikipedia.org/wiki/Warner_Communications	PER	NAM	1.0
ACE2004	EL-266	Roger McNamee	NYT20001101.2212.0429:2128-2140	http://en.wikipedia.org/wiki/Roger_McNamee	PER	NAM	1.0
ACE2004	EL-267	Integral Capital	NYT20001101.2212.0429:2145-2160	NIL	PER	NAM	1.0
ACE2004	EL-268	Jessica Reif	NYT20001101.2212.0429:2449-2460	NIL	PER	NAM	1.0
ACE2004	EL-269	Merrill Lynch	NYT20001101.2212.0429:2465-2477	http://en.wikipedia.org/wiki/Merrill_Lynch	PER	NAM	1.0
ACE2004	EL-270	NBC	NYT20001101.2212.0429:2665-2667	http://en.wikipedia.org/wiki/NBC	PER	NAM	1.0
ACE2004	EL-271	Washington	NYT20001101.2212.0429:2682-2691	http://en.wikipedia.org/wiki/Washington,_D.C."	PER	NAM	1.0
ACE2004	EL-272	John Schreiber	NYT20001101.2212.0429:2698-2711	NIL	PER	NAM	1.0
ACE2004	EL-273	Janus Capital	NYT20001101.2212.0429:2748-2760	http://en.wikipedia.org/wiki/Janus_Capital_Group	PER	NAM	1.0
ACE2004	EL-274	Comcast	NYT20001101.2212.0429:3974-3980	http://en.wikipedia.org/wiki/Comcast	PER	NAM	1.0
ACE2004	EL-275	International Correspondence Communication News Agency	chtb_227.eng:841-894	NIL	PER	NAM	1.0
ACE2004	EL-276	Klelov	chtb_227.eng:909-914	NIL	PER	NAM	1.0
ACE2004	EL-277	Albus	20001115_AFP_ARB.0089.eng:2-6	NIL	PER	NAM	1.0
ACE2004	EL-278	Lebanon	20001115_AFP_ARB.0089.eng:9-15	http://en.wikipedia.org/wiki/Lebanon	PER	NAM	1.0
ACE2004	EL-279	AFP	20001115_AFP_ARB.0089.eng:25-27	http://en.wikipedia.org/wiki/Agence_France-Presse	PER	NAM	1.0
ACE2004	EL-280	Palestinian National Council	20001115_AFP_ARB.0089.eng:198-225	http://en.wikipedia.org/wiki/Palestinian_National_Council	PER	NAM	1.0
ACE2004	EL-281	Algeria	20001115_AFP_ARB.0089.eng:230-236	http://en.wikipedia.org/wiki/Algeria	PER	NAM	1.0
ACE2004	EL-282	Albus Camp	20001115_AFP_ARB.0089.eng:292-301	NIL	PER	NAM	1.0
ACE2004	EL-283	Souer	20001115_AFP_ARB.0089.eng:308-312	http://en.wikipedia.org/wiki/Tyre,_Lebanon"	PER	NAM	1.0
ACE2004	EL-284	Beirut	20001115_AFP_ARB.0089.eng:330-335	http://en.wikipedia.org/wiki/Beirut	PER	NAM	1.0
ACE2004	EL-285	Mohamed al-Dura	20001115_AFP_ARB.0089.eng:448-462	http://en.wikipedia.org/wiki/Muhammad_al-Durrah_incident	PER	NAM	1.0
ACE2004	EL-286	Saida	20001115_AFP_ARB.0089.eng:708-712	http://en.wikipedia.org/wiki/Sidon	PER	NAM	1.0
ACE2004	EL-287	Lebanon	20001115_AFP_ARB.0089.eng:731-737	http://en.wikipedia.org/wiki/Lebanon	PER	NAM	1.0
ACE2004	EL-288	Khalid Arif	20001115_AFP_ARB.0089.eng:966-976	NIL	PER	NAM	1.0
ACE2004	EL-289	Jerusalem	20001115_AFP_ARB.0089.eng:1318-1326	http://en.wikipedia.org/wiki/Jerusalem	PER	NAM	1.0
ACE2004	EL-290	BBC News	PRI20001031.2000.1824:6-13	http://en.wikipedia.org/wiki/BBC_News	PER	NAM	1.0
ACE2004	EL-291	London	PRI20001031.2000.1824:18-23	http://en.wikipedia.org/wiki/London	PER	NAM	1.0
ACE2004	EL-292	Taiwan	PRI20001031.2000.1824:97-102	http://en.wikipedia.org/wiki/Taiwan	PER	NAM	1.0
ACE2004	EL-293	Los Angeles	PRI20001031.2000.1824:107-117	http://en.wikipedia.org/wiki/Los_Angeles	PER	NAM	1.0
ACE2004	EL-294	David Chezan	PRI20001031.2000.1824:330-341	NIL	PER	NAM	1.0
ACE2004	EL-295	CHATTANOOGA	NYT20001106.1705.0187:317-327	http://en.wikipedia.org/wiki/Chattanooga,_Tennessee"	PER	NAM	1.0
ACE2004	EL-296	Tenn.	NYT20001106.1705.0187:330-334	http://en.wikipedia.org/wiki/Tennessee	PER	NAM	1.0
ACE2004	EL-297	Washington	NYT20001106.1705.0187:544-553	http://en.wikipedia.org/wiki/Washington,_D.C."	PER	NAM	1.0
ACE2004	EL-298	Arkansas	NYT20001106.1705.0187:881-888	http://en.wikipedia.org/wiki/Arkansas	PER	NAM	1.0
ACE2004	EL-299	White House	NYT20001106.1705.0187:1175-1185	http://en.wikipedia.org/wiki/White_House	PER	NAM	1.0
ACE2004	EL-300	Wisconsin	NYT20001106.1705.0187:2196-2204	http://en.wikipedia.org/wiki/Wisconsin	PER	NAM	1.0
ACE2004	EL-301	Iowa	NYT20001106.1705.0187:2210-2213	http://en.wikipedia.org/wiki/Iowa	PER	NAM	1.0
ACE2004	EL-302	Michigan	NYT20001106.1705.0187:2365-2372	http://en.wikipedia.org/wiki/Michigan	PER	NAM	1.0
ACE2004	EL-303	Pennsylvania	NYT20001106.1705.0187:2378-2389	http://en.wikipedia.org/wiki/Pennsylvania	PER	NAM	1.0
ACE2004	EL-304	Green Bay	NYT20001106.1705.0187:3041-3049	http://en.wikipedia.org/wiki/Green_Bay,_Wisconsin"	PER	NAM	1.0
ACE2004	EL-305	D.C.	NYT20001106.1705.0187:3951-3954	http://en.wikipedia.org/wiki/Washington,_D.C."	PER	NAM	1.0
